{"cameraMode":{"drawMode":0,"name":"Shaded","section":"Shading Mode"},"sceneLighting":true,"audioPlay":false,"sceneViewState":{"showFog":true,"showMaterialUpdate":false,"showSkybox":true,"showFlares":true,"showImageEffects":true,"showParticleSystems":true},"in2DMode":false,"pivot":{"x":-1.8561028242111207,"y":0.718156099319458,"z":-2.2425897121429445},"rotation":{"x":-0.6840429306030273,"y":0.004811957478523254,"z":-0.004513077437877655,"w":-0.7294143438339233},"size":22.12551498413086,"orthographic":false}