{"cameraMode":{"drawMode":0,"name":"Shaded","section":"Shading Mode"},"sceneLighting":true,"audioPlay":false,"sceneViewState":{"showFog":true,"showMaterialUpdate":false,"showSkybox":true,"showFlares":true,"showImageEffects":true,"showParticleSystems":true},"in2DMode":false,"pivot":{"x":1.5999836921691895,"y":0.655066967010498,"z":2.017828941345215},"rotation":{"x":0.4594799876213074,"y":0.03861428052186966,"z":-0.019999878481030465,"w":0.8871256709098816},"size":10.118048667907715,"orthographic":true}