{"cameraMode":{"drawMode":0,"name":"Shaded","section":"Shading Mode"},"sceneLighting":true,"audioPlay":false,"sceneViewState":{"showFog":true,"showMaterialUpdate":false,"showSkybox":true,"showFlares":true,"showImageEffects":true,"showParticleSystems":true},"in2DMode":false,"pivot":{"x":4.30839204788208,"y":-0.6767682433128357,"z":0.9683008193969727},"rotation":{"x":0.4594799876213074,"y":0.03861428052186966,"z":-0.019999878481030465,"w":0.8871256709098816},"size":3.192490577697754,"orthographic":true}